{"cameraMode":{"drawMode":0,"name":"Shaded","section":"Shading Mode"},"sceneLighting":false,"audioPlay":false,"sceneViewState":{"showFog":true,"showMaterialUpdate":false,"showSkybox":true,"showFlares":true,"showImageEffects":true,"showParticleSystems":true},"in2DMode":false,"pivot":{"x":-0.6594319343566895,"y":-0.8001103401184082,"z":95.9112777709961},"rotation":{"x":-0.10029026120901108,"y":0.028352946043014528,"z":0.0028590315487235786,"w":0.9945501089096069},"size":25.142393112182618,"orthographic":true}